variable,count,mean,std,min,25%,50%,75%,max,original
dummy1,1000.0,0.00044127274104338013,0.009828575995550565,-0.0340815880320164,-0.005921442815155,0.00032839110172485004,0.007130979474070124,0.0381028616304632,-0.0075396195648522
dummy2,1000.0,0.0002442358565880914,0.01018181813967477,-0.0344479333009317,-0.0067217722748764,-0.00013510498737850002,0.007194223176939125,0.0334556059187463,-0.0062377934328772
x1,1000.0,0.10614282534733284,3.0433576347479216,-7.787624537178932,-1.9533418121640227,0.09476500632150006,2.0516764485826156,28.20376887236653,28.20376887236653
x2,1000.0,0.2246441623824794,7.8706577997191,-21.38176449794993,-4.919910318342813,-0.07118093922795049,5.338430460413616,75.05207353314395,75.05207353314395
x3,1000.0,0.031674679190477256,1.9191272854774186,-5.672925000470801,-1.2077019514937322,0.027263335555005548,1.2180739849961166,17.754878076122356,17.754878076122356
